page_name,party,top_ads,gen_plain,gen_economy,gen_health,gen_environment,gen_safety
Azione,['3POLO'],"[""√à il momento di chiudere una stagione di conflitti e slogan. Il 25 settembre possiamo farlo. Scegli l'#ItaliaSulSerio, vota #TerzoPolo"", ""Il Paese ha bisogno di governi stabili ed efficienti, al servizio dei cittadini. Con il Sindaco d'Italia, dopo le elezioni si sa subito chi ha vinto e chi vince governa per 5 anni.  Il 25 settembre vota l'#ItaliaSulSerio   Scopri il programma: https://bit.ly/3dIyWVB"", ""Sul gas non possiamo mettere a rischio il lavoro fatto da #Draghi. Servono subito 2 rigassificatori per assicurare l'indipendenza dell'Italia dal gas russo.   Il 25 settembre vota l'#ItaliaSulSerio   Scopri il programma: https://bit.ly/3dIyWVB"", ""Ci separano 60 giorni al voto. Abbiamo bisogno dell'aiuto di tutti, compila il form e partecipa anche tu alla nostra campagna elettorale. Non lasciamo questo Paese nelle mani di sovranisti e populisti. Nulla √® ancora deciso.   ‚û°Ô∏è https://bit.ly/3cLk1JO""]","""Il futuro dell'Italia √® nelle tue mani! Il 25 settembre scegli la stabilit√† e l'efficienza. Vota #ItaliaSulSerio e assicurati un governo che lavori per te, non per gli interessi di pochi. Basta con la politica dell'immobilismo! #TerzoPolo""","""Il lavoro non √® un optional. Il 25 settembre scegliamo un'Italia che crede nell'innovazione e nella crescita. Vota #TerzoPolo e assicurati un futuro pi√π stabile per te e la tua famiglia. Scopri il nostro programma: https://bit.ly/3dIyWVB""","""Il diritto alla salute √® un diritto fondamentale. Il 25 settembre scegli chi investe nella sanit√† pubblica e non la svende ai privati. Vota l'#ItaliaSulSerio e difendi il nostro SSN. Scopri il programma: https://bit.ly/3dIyWVB""","""Il futuro dell'Italia √® verde! Non possiamo pi√π aspettare, √® il momento di agire per il clima e per l'ambiente. Il 25 settembre vota l'#ItaliaSulSerio e scegli un governo che investa nel futuro sostenibile del nostro Paese. Scopri il nostro programma: https://bit.ly/3dIyWVB""","""Il diritto alla sicurezza √® un diritto fondamentale. Basta con la tolleranza zero verso chi delinque. Il 25 settembre vota l'#ItaliaSulSerio e scegli un'Italia pi√π sicura per te e per le tue famiglia. Scopri il programma: https://bit.ly/3dIyWVB"""
Carlo Calenda,['3POLO'],"['Un minuto per spiegarvi perch√© l‚Äôunico voto utile √® quello al #TerzoPolo.  #ItaliaSulSerio', 'La politica non √® rumore, √® Azione. Se sei d‚Äôaccordo con il nostro progetto, sostienici. Per donare il tuo 2x1000 ad Azione scrivi S48 nella dichiarazione dei redditi. A te non costa nulla, ma per noi e per l\'Italia significa tantissimo."", ""La politica non √® rumore, √® Azione. Se sei d‚Äôaccordo con il nostro progetto, sostienici. Per donare il tuo 2x1000 ad Azione scrivi S48 nella dichiarazione dei redditi. A te non costa nulla, ma per noi e per l\'Italia significa tantissimo.', 'Se pensi che far cadere il Governo Draghi sia stato un errore clicca mi piace üëç e segui la pagina üëá', 'Vi aspettiamo a Roma al Gianicolo venerd√¨ 23 alle 18. Ci vediamo a Piazzale Garibaldi, accanto al muro dove √® scolpita la Costituzione della Repubblica Romana. Un luogo simbolo dello spirito Repubblicano che anima la nostra azione.  Matteo Renzi  #ItaliaSulSerio', 'Invece dei video in lingua straniera di Letta e Meloni, indirizzati a chi non voter√† alle elezioni, proviamo a impostare un colloquio di lavoro coi cittadini. In questo video spiego chi sono, cosa ho fatto e come intendo la politica. Guardatelo, poi risponder√≤ alle vostre domande.', ""Nasce per la prima volta un‚Äôalternativa seria e pragmatica al bipopulismo di destra e di sinistra che ha devastato questo Paese e sfiduciato #Draghi.  Ringrazio Matteo Renzi per la generosit√†.  Adesso insieme Italia Viva e Azione per un'#ItaliaSulSerio."", 'Questa persona, il suo impegno, il suo metodo, la sua autorevolezza non possono andare perduti. E noi ci batteremo con le unghie e con i denti affinch√© non accada. Punto.', 'Mi sembra chiaro perch√© Silvio Berlusconi e Matteo Salvini propongono la flat tax.', ""La sinistra declama bellissimi slogan sull'ambiente, ma non ha la pi√π vaga idea di come funzioni il settore dell‚Äôenergia. Retorica vs politica."", ""Caro bollette, bisogna intervenire immediatamente! Se sei d'accordo clicca mi piace üëç e segui la pagina üëá""]","""Basta con le promesse vuote! Vogliamo azioni concrete per il futuro dell'Italia. Sostieni il nostro progetto per un cambiamento reale! #ItaliaSulSerio""","""Il futuro dell'Italia √® nelle nostre mani! Non possiamo pi√π permettere che la burocrazia soffochi le nostre imprese e i nostri sogni. √à tempo di riforme concrete e di sostegno alle aziende che creano lavoro e crescita. Scegliamo un'Italia che produce e innova, non che solo parla! #Economia #Riforme #Lavoro""","""Basta con le liste d'attesa infinite! √à ora di rilanciare la sanit√† pubblica italiana con pi√π risorse e pi√π efficienza. Sostieni il nostro progetto per una sanit√† all'altezza dei nostri diritti! #Sanit√†Pubblica #RispettoPerIcittadini""","""Il futuro dell'Italia √® verde! Non pi√π chiacchiere, √® ora di agire per il nostro pianeta. Sostieni il nostro progetto per un'Italia sostenibile e pulita. #AmbienteInPrimoPiano #ItaliaSostenibile""","""Basta parole, √® ora di fatti! La sicurezza non √® un optional, √® un diritto. Vogliamo pi√π controlli, pi√π telecamere e pi√π polizia per le nostre citt√†. Se sei stanco di sentirsi insicuro, unisciti a noi! #SicurezzaOra"""
Europa Verde - Verdi,['AVD'],"[""Per Angelo Bonelli, costruire una politica energetica basata sulle rinnovabili vuol dire costruire la pace, dare una spinta forte alla conversione ecologica e, dunque, alla lotta al cambiamento climatico.  Ma c‚Äô√® di pi√π! Sole e vento sono fonti energetiche gratuite e ci√≤ pu√≤ avere un impatto importante sulle tasche di tutti i cittadini i quali, slegati finalmente dai capricci di questo o quel dittatore, possono vedere diminuire sensibilmente le loro bollette.  Non √® soltanto una questione climatica. Secondo Angelo, le rinnovabili sono anche una questione economica. Noi siamo con lui!  √à necessario portare subito queste istanze nelle Aule parlamentari, coniugando giustizia sociale e climatica per restituire una dimensione etica alla politica: solo cos√¨ saremo in grado di dare una giusta risposta alle generazioni che verranno.   Angelo Bonelli √® candidato alla Camera dei Deputati per l‚Äô#AlleanzaVerdiSinsitra nel Collegio uninominale di Imola e nei Collegi plurinominali di Puglia-03 e Puglia-04.  Per votarlo, bisogna barrare solo il simbolo.', 'Per Angelo Bonelli, costruire una politica energetica basata sulle rinnovabili vuol dire costruire la pace, dare una spinta forte alla conversione ecologica e, dunque, alla lotta al cambiamento climatico.  Ma c‚Äô√® di pi√π! Sole e vento sono fonti energetiche gratuite e ci√≤ pu√≤ avere un impatto importante sulle tasche di tutti i cittadini i quali, slegati finalmente dai capricci di questo o quel dittatore, possono vedere diminuire sensibilmente le loro bollette.  Non √® soltanto una questione climatica. Secondo Angelo, le rinnovabili sono anche una questione economica. Noi siamo con lui!  √à necessario portare subito queste istanze nelle Aule parlamentari, coniugando giustizia sociale e climatica per restituire una dimensione etica alla politica: solo cos√¨ saremo in grado di dare una giusta risposta alle generazioni che verranno.   Angelo Bonelli √® candidato alla Camera dei Deputati per l‚Äô#AlleanzaVerdiSinsitra nel Collegio uninominale di Imola e nei Collegi plurinominali di Puglia-03 e Puglia-04.  Per votarlo, bisogna barrare solo il simbolo."", ""+ECO, -EGO: Eleonora Evi ha sposato questa filosofia che racchiude in s√© la necessit√† di trovare un equilibrio tra ci√≤ che desideriamo e ci√≤ di cui abbiamo davvero bisogno.  Si va dalla cosiddetta Cenerentola nella storia, cio√® l‚Äôefficientamento energetico ‚Äì che permette di tutelare i nostri territori, risparmiare energia e contenere i costi delle bollette ‚Äì alla fine dell‚Äôallevamento intensivo in favore della filiera corta e dell‚Äôagricoltura di qualit√†, per tutelare il benessere degli animali, ma anche la salute dei cittadini.  Sono battaglie che Eleonora ha condotto all‚Äôinterno del Parlamento europeo e che ha intenzione di continuare a condurre anche in Italia.   √à candidata alla Camera dei Deputati per l‚Äô#AlleanzaVerdiSinistra nei Collegi plurinominali di Emilia-Romagna-02, Lombardia 1-01 e Lombardia 1-02. Noi siamo con lei!   Per votarla, bisogna barrare solo il simbolo.', '+ECO, -EGO: Eleonora Evi ha sposato questa filosofia che racchiude in s√© la necessit√† di trovare un equilibrio tra ci√≤ che desideriamo e ci√≤ di cui abbiamo davvero bisogno.  Si va dalla cosiddetta Cenerentola nella storia, cio√® l‚Äôefficientamento energetico ‚Äì che permette di tutelare i nostri territori, risparmiare energia e contenere i costi delle bollette ‚Äì alla fine dell‚Äôallevamento intensivo in favore della filiera corta e dell‚Äôagricoltura di qualit√†, per tutelare il benessere degli animali, ma anche la salute dei cittadini.  Sono battaglie che Eleonora ha condotto all‚Äôinterno del Parlamento europeo e che ha intenzione di continuare a condurre anche in Italia.   √à candidata alla Camera dei Deputati per l‚Äô#AlleanzaVerdiSinistra nei Collegi plurinominali di Emilia-Romagna-02, Lombardia 1-01 e Lombardia 1-02. Noi siamo con lei!   Per votarla, bisogna barrare solo il simbolo."", 'Per Aboubakar Soumahoro, Lavoro vuol necessariamente dire Diritti, Dignit√† e Progresso.  Noi siamo con lui!  Aboubakar √® candidato alla Camera dei Deputati nel collegio uninominale di Modena e nella lista #AlleanzaVerdiSinistra nei Collegi Plurinominali Emilia-Romagna-02, Lombardia 1-01, Puglia-02, Veneto 1-01.   Per votarlo, bisogna barrare solo il simbolo.', 'Una nuova generazione si approccia alla prima volta... üòÖ  Ma non fatevi spaventare, abbiamo un messaggio per voi!  Perch√© crediamo che la prima volta debba sempre essere per amore, in sicurezza, con emozione, in libert√†, con fiducia. Ma anche per amore di noi stessi.  E voi, ricordate la vostra prima volta?  #AlleanzaVerdiSinistra #Elezioni2022 #LaPrimaVolta #VotaConsapevole #Facciamolo', ""La crisi climatica √® un dato di fatto. Fenomeni meteorologici estremi, siccit√†, scioglimento dei ghiacciai e il riscaldamento del mare mettono in pericolo non solo la biodiversit√† ma anche la vita di tutti noi.   L‚ÄôItalia √® l‚Äôunico fra i maggiori Paesi europei a non essersi ancora dotato di una Legge sul clima che renda vincolanti gli obiettivi di contrasto alla crisi climatica e definisca misure efficaci in quanto legalmente vincolanti.  Nella nostra legge sul clima al primo posto abbiamo l'obiettivo di triplicare gli sforzi di riduzione delle emissioni come sua quota equa globale in linea con l‚Äôobiettivo di 1,5 gradi, riducendo le emissioni del 70% al 2030 rispetto al 1990 e procedendo verso la neutralit√† climatica da raggiungere nel 2045, come ad esempio previsto dalla Germania nella propria strategia energetica/climatica.   Un passo importante √® quello di rafforzare normativamente le misure climatiche, accelerando la produzione di energia elettrica rinnovabile fino a raggiungere l‚Äôinstallazione di 15 GW all‚Äôanno, ma iniziando da subito a sbloccare i 60 GW di rinnovabili bloccati dalla burocrazia.  La legge sul clima √® la pietra angolare per costruire un futuro sostenibile dove coesistano giustizia climatica e sociale.  #Facciamolo!  #AlleanzaVerdiSinistra #LeggeSulClima"", ""√à ora di dire a basta al nucleare e spingere le energie rinnovabili per fermare il caro bollette e salvare il Pianeta. Riportiamo insieme l'ambiente in parlamento! Angelo Bonelli"", 'üü¢üî¥ Alleanza Verdi e Sinistra vuole pi√π investimenti nel trasporto pubblico, renderlo gratuito per gli under 30, ridurne fortemente il costo e introdurre il biglietto unico a prezzo basso per lavoratori e lavoratrici pendolari.  ‚åõ Non c‚Äô√® pi√π tempo da perdere. #Facciamolo!  #AlleanzaVerdiSinistra #TrasportoPubblicoGratuito Scopri il nostro programma qui üëá  https://verdisinistra.it/programma-alleanza-verdi-e-sinistra', ""üü¢üî¥ Per Alleanza Verdi e Sinistra, in Italia c'√® un grande problema di disparit√† di genere. Per questo vogliamo la parit√† salariale, gli asili nido gratuiti, il riconoscimento economico e contributivo del lavoro di cura. E vogliamo che le uniche a poter scegliere sul proprio corpo siano le donne stesse.  ‚åõ Non c‚Äô√® pi√π tempo da perdere. #Facciamolo!  #AlleanzaVerdiSinistra #Diritti #Donne #Facciamolo  Scopri il nostro programma qui üëá  https://verdisinistra.it/programma-alleanza-verdi-e-sinistra"", ""üü¢üî¥ La sfida principale per Alleanza Verdi e Sinistra √® l‚Äôemergenza climatica.  üìó Abbiamo un'agenda verde: serve una legge per il clima e un investimento massiccio nelle rinnovabili e nella transizione ecologica, con un ruolo importante del pubblico a guidare il cambiamento necessario.   ‚åõ Non c‚Äô√® pi√π tempo da perdere. #Facciamolo!  #AlleanzaVerdiSinistra #AgendaVerde #23settembre #GlobalStrike  Scopri il nostro programma qui üëá https://verdisinistra.it/programma-alleanza-verdi-e-sinistra"", ""IL NOSTRO PROGRAMMA SUL CLIMA PROMOSSO A PIENI VOTI DALLA SCIENZA!   Il programma sul #clima dell‚Äô#AlleanzaVerdiSinistra √® stato promosso a pieni voti dagli scienziati dell‚ÄôItalian Climate Network  con il voto di gran lunga pi√π alto rispetto a TUTTI gli altri partiti.  9,3 √® il voto che abbiamo raggiunto considerando parametri fondamentali, come la fuoriuscita dalle #fontifossili e l‚Äôambizione.  Come evidenzia anche Ferdinando Cotugno, giornalista di Domani, l'#ambientalismo M5S non supera il giudizio della scienza (6 NON √® la sufficienza, 10 √® rispetto dell'Accordo di Parigi). Ancora dubbi su chi mette VERAMENTE al centro l‚Äôambiente?  Eleonora Evi   #Facciamolo""]","""√à ora di cambiare! Per un'Italia pi√π verde e pi√π giusta, vota Alleanza Verdi e Sinistra! No al nucleare, s√¨ alle rinnovabili. No alla disuguaglianza, s√¨ alla parit√† salariale. No alla crisi climatica, s√¨ alla transizione ecologica. #Facciamolo! #AlleanzaVerdiSinistra""","""√à ora di cambiare rotta! L'economia deve servire le persone, non solo i profitti. Alleanza Verdi e Sinistra propone un'economia pi√π giusta e sostenibile: investimenti verdi, lavoro dignitoso, tutele per i pi√π deboli. Scegliamo un futuro diverso! #Facciamolo! #AlleanzaVerdiSinistra #EconomiaSostenibile""","""La salute √® un diritto, non un privilegio! üü¢üî¥ Alleanza Verdi e Sinistra vuole un SSN pubblico, universale e di qualit√†, con personale sanitario valorizzato e non sfruttato. Basta con le liste d'attesa infinite e le disuguaglianze nel trattamento dei pazienti. √à ora di mettere al centro la salute di tutti, non solo dei pochi che possono permettersela. ‚åõ Non c‚Äô√® pi√π tempo da perdere. #Facciamolo! #AlleanzaVerdiSinistra #Sanit√†Pubblica #DirittoAllaSalute Scopri il nostro programma qui üëá https://verdisinistra.it/programma-alleanza-verdi-e-sinistra""","""√à ora di dire basta al nucleare e spingere le energie rinnovabili per fermare il caro bollette e salvare il Pianeta. Riportiamo insieme l'ambiente in parlamento! Angelo Bonelli""","""La sicurezza non √® solo una questione di ordine pubblico, ma anche di giustizia sociale. Per Alleanza Verdi e Sinistra, la vera sicurezza si costruisce con politiche di inclusione, di riduzione delle disuguaglianze e di tutela dei diritti. Non con muri e divieti, ma con opportunit√† e speranza. #Facciamolo! #AlleanzaVerdiSinistra #SicurezzaPerTutti"""
Forza Italia,['FI'],"[""La normalizzazione delle sostanze stupefacenti √® un grave errore.  Si tratta di sostanze solo apparentemente innocue. In realt√†, sono pericolose, soprattutto nella fase adolescenziale, e spesso incentivano l'assunzione di altre droghe pi√π pericolose.  Silvio Berlusconi"", 'I giovani italiani non sono dei bamboccioni. Sono intelligenti e attenti, meritano ascolto, rispetto, fiducia e nuove opportunit√†.', ""I giovani non hanno bisogno di mance o di sussidi. Hanno bisogno di occasioni per mettersi in gioco tramite il lavoro.  Per questo noi proponiamo la detassazione sui contratti dei giovani assunti dalle aziende a tempo indeterminato.   Da subito questo intervento √® utile per i giovani e conveniente per le aziende. Nel tempo produce nuove entrate per lo Stato e impulso all'economia."", 'Un governo amico degli italiani sostiene coloro che sono davvero in difficolt√†, non chi potrebbe lavorare e invece non lo fa.  Per questo motivo, portare a mille euro al mese le pensioni minime √® un atto di giustizia.', ""L'aumento delle pensioni minime e la pensione per le mamme e le nonne sono un atto di giustizia e un intervento che annulla gli effetti dell'aumento dei prezzi che colpisce in modo particolare le famiglie e le persone gi√† in difficolt√†."", ""Un governo amico degli italiani √® un governo che pone fine all'oppressione fiscale, all'oppressione burocratica, all'oppressione giudiziaria.  Se vuoi un governo amico, domenica 25 settembre vota Forza Italia!"", ""Domenica prossima hai l'occasione di avere finalmente un governo amico. Non fartela sfuggire. Vota Forza Italia!"", ""Se ami le tasse, non devi votare Forza Italia.   Se invece pensi che in Italia si pagano troppe tasse, ricordati che i nostri governi hanno ridotto IRPEF, IRAP e IRES, la tassa sulle imprese, abolito l'ICI sulla prima casa e portato la pressione fiscale sotto il 40%.  Con il tuo voto, possiamo riprendere il cammino per avere tasse giuste, con la Flat Tax e riducendo le tasse sul lavoro. Sei con noi?"", ""Azzerare l'Iva sui beni di prima necessit√† √® il modo pi√π veloce per limitare l'impatto negativo che l'aumento dei prezzi ha prodotto, specialmente per chi √® in difficolt√† economiche."", 'La pace fiscale √® indispensabile non tanto per reperire risorse, quanto per non vessare contribuenti, famiglie e imprese gi√† in difficolt√†. Gettarli sul lastrico non solo sarebbe inutile e crudele, ma genererebbe un ulteriore costo sociale.  Silvio Berlusconi']","""Il futuro dell'Italia √® nelle tue mani! Vota per un governo che crede nel lavoro, nella libert√† e nella giustizia. Basta tasse, basta burocrazia, basta oppressione! Scegli un governo amico degli italiani, scegli Forza Italia! #ForzaItalia #VotaPerIlFuturo""","""Il lavoro non √® un optional, √® un diritto! Per questo noi proponiamo la detassazione dei contratti a tempo indeterminato per i giovani. Creiamo opportunit√†, non assistenzialismo. Vota Forza Italia per un'Italia che produce e cresce!""","""Il diritto alla salute √® sacrosanto. Per questo noi proponiamo di aumentare gli investimenti nella sanit√† pubblica, ridurre le liste d'attesa e garantire l'accesso alle cure per tutti, senza distinzione di reddito o condizione sociale. Un governo amico degli italiani non lascia indietro nessuno. Vota Forza Italia!""","""Il futuro dell'Italia √® verde! Non possiamo pi√π permettere che la politica dell'inerzia distrugga il nostro patrimonio naturale. √à il momento di agire: pi√π investimenti per le rinnovabili, meno inquinamento, pi√π parchi e aree protette. Vota per un'Italia sostenibile, vota Forza Italia!""","""Il diritto alla sicurezza √® un diritto fondamentale di ogni cittadino. Per questo noi di Forza Italia proponiamo di rafforzare le forze dell'ordine, aumentare i controlli nelle citt√† e nelle periferie, e introdurre pene pi√π severe per i reati pi√π gravi. Vogliamo che gli italiani si sentano al sicuro nelle loro case e nelle loro citt√†. Vota Forza Italia per una Italia pi√π sicura!"""
Fratelli d'Italia,['FDI'],"['Pronti a difendere chi fa impresa rispettando le regole.  Le piccole e medie imprese italiane rappresentano l‚Äôossatura della nostra Nazione e i custodi del Made in Italy. Ma la sinistra ha trattato gli imprenditori, i commercianti e gli autonomi come evasori a prescindere, da combattere e vessare con tasse e burocrazia.   Noi vogliamo restituire loro la dignit√† e la libert√† di fare impresa, di creare lavoro e ricchezza.   Cominciamo col dire basta all‚Äôabusivismo e alla concorrenza sleale delle attivit√† ‚Äúapri e chiudi‚Äù, spesso straniere.   Chi vuole venire a lavorare in Italia √® il benvenuto, ma chi arriva da fuori l‚ÄôUnione europea, prima di aprire la serranda, dovr√† presentare una fideiussione a garanzia del pagamento delle tasse. In modo che tutti possano competere ad armi pari.', ""Pronti a gestire seriamente gli aiuti di Stato.  Il 25 Settembre vota Fratelli d'Italia"", 'Cosa vogliamo fare del Reddito di Cittadinanza?   Vogliamo proteggere i pi√π fragili.   A loro manterremo l‚Äôattuale sistema di tutela del Reddito di cittadinanza e proveremo anche ad aumentarlo.   Stiamo parlando:   - dei pensionati in difficolt√†,  - degli over 60 privi di reddito,  - degli invalidi,  - delle famiglie in difficolt√† con figli minori a carico.   Anziani, invalidi, bambini, da parte nostra avranno ogni sostegno, come abbiamo sempre fatto in passato.  Per chi cambieranno le cose? Per chi ha tra i 18 e i 59 anni ed √® in grado di lavorare. S√¨ queste persone con noi perderanno il Reddito di cittadinanza e saranno aiutate veramente nel trovare un lavoro. Perch√© chi conosce la povert√† sa che l‚Äôunico modo per superarla √® sconfiggere le cause di quella povert√†.  Il 25 Settembre vota Fratelli d\'Italia"", ""Cosa vogliamo fare del Reddito di Cittadinanza?   Vogliamo proteggere i pi√π fragili.   A loro manterremo l‚Äôattuale sistema di tutela del Reddito di cittadinanza e proveremo anche ad aumentarlo.   Stiamo parlando:   - dei pensionati in difficolt√†,  - degli over 60 privi di reddito,  - degli invalidi,  - delle famiglie in difficolt√† con figli minori a carico.   Anziani, invalidi, bambini, da parte nostra avranno ogni sostegno, come abbiamo sempre fatto in passato.  Per chi cambieranno le cose? Per chi ha tra i 18 e i 59 anni ed √® in grado di lavorare. S√¨ queste persone con noi perderanno il Reddito di cittadinanza e saranno aiutate veramente nel trovare un lavoro. Perch√© chi conosce la povert√† sa che l‚Äôunico modo per superarla √® sconfiggere le cause di quella povert√†.  Il 25 Settembre vota Fratelli d\'Italia', 'Pronti a proteggere i lavoratori autonomi.  Fratelli d‚ÄôItalia si batte da sempre per l‚Äôintroduzione di ammortizzatori universali, uguali per tutti.  Vogliamo istituire uno strumento che garantisca anche agli autonomi, in caso di chiusura della partita IVA, un‚Äôindennit√† di disoccupazione. Uno strumento basato sulle stesse regole della Naspi dei lavoratori dipendenti.  Sempre dalla parte di chi lavora, in qualunque forma lo faccia.', 'Pronti a proteggere i nostri animali domestici.  ""La civilt√† di un popolo si misura dal modo in cui tratta gli animali‚Äù disse Ghandi.  Tra le iniziative gi√† avviate in questa legislatura c‚Äô√® l‚Äôinasprimento delle pene per chi li maltratta, avvelena e abbandona.   Inoltre vogliamo avviare campagne sul rispetto degli animali nelle scuole, fermare la tratta illegale dei 300.000 cuccioli provenienti dall‚ÄôEst Europa e ampliare le attivit√† di pet therapy nelle case di cura e negli ospedali.\', \'Pronti a proteggere i nostri animali domestici.  ""La civilt√† di un popolo si misura dal modo in cui tratta gli animali‚Äù disse Ghandi.  Tra le iniziative gi√† avviate in questa legislatura c‚Äô√® l‚Äôinasprimento delle pene per chi li maltratta, avvelena e abbandona.   Inoltre vogliamo avviare campagne sul rispetto degli animali nelle scuole, fermare la tratta illegale dei 300.000 cuccioli provenienti dall‚ÄôEst Europa e ampliare le attivit√† di pet therapy nelle case di cura e negli ospedali.', ""Pronti a tutelare la casa degli italiani.   La casa √® il bene primario attorno alla quale le persone costruiscono il proprio futuro.  Fratelli d‚ÄôItalia approver√† una legge che dir√† una cosa semplice: la prima casa non √® pignorabile, salvo ovviamente per il mancato pagamento dell‚Äôeventuale mutuo ipotecario che grava su di essa e in caso di prolungata morosit√† nei confronti del condominio.  E approveremo anche un‚Äôaltra legge che prevede lo sgombero immediato delle occupazioni abusive di abitazioni altrui, senza eccezioni e stratagemmi.   Ogni proprietario, affittuario, assegnatario di immobile, se subir√† l‚Äôoccupazione abusiva della sua casa, avr√† lo Stato al suo fianco. Subito! Con FdI al Governo, nessuno dovr√† pi√π temere di essere sbattuto fuori dalla propria casa.', 'Pronti a tutelare la casa degli italiani.   La casa √® il bene primario attorno alla quale le persone costruiscono il proprio futuro.  Fratelli d‚ÄôItalia approver√† una legge che dir√† una cosa semplice: la prima casa non √® pignorabile, salvo ovviamente per il mancato pagamento dell‚Äôeventuale mutuo ipotecario che grava su di essa e in caso di prolungata morosit√† nei confronti del condominio.  E approveremo anche un‚Äôaltra legge che prevede lo sgombero immediato delle occupazioni abusive di abitazioni altrui, senza eccezioni e stratagemmi.   Ogni proprietario, affittuario, assegnatario di immobile, se subir√† l‚Äôoccupazione abusiva della sua casa, avr√† lo Stato al suo fianco. Subito! Con FdI al Governo, nessuno dovr√† pi√π temere di essere sbattuto fuori dalla propria casa."", 'Pronti a sostenere le imprese che creano lavoro.  In Italia le tasse sul lavoro sono troppo alte.  Bisogna ridurre il cuneo fiscale, aumentare le buste paga ai lavoratori. Come?   Facendo pagare allo Stato - a determinate condizioni - parte dei contributi previdenziali a carico dell‚Äôimpresa e del lavoratore.  E bisogna fare di pi√π: premiare le imprese che assumono, secondo il principio del ‚Äúpi√π assumi, meno tasse paghi‚Äù, partendo da un meccanismo di super deduzione del costo del lavoro per chi aumenta il numero degli occupati rispetto agli anni precedenti.', ""Domenica 11 Settembre alle ore 17:30 vi aspettiamo a Milano, Piazza del Duomo con Giorgia Meloni.  Noi siamo pronti a risollevare l‚ÄôItalia üáÆüáπ', 'Domenica 11 Settembre alle ore 17:30 vi aspettiamo a Milano, Piazza del Duomo con Giorgia Meloni.  Noi siamo pronti a risollevare l‚ÄôItalia üáÆüáπ"", ""Pronti a ridare forza alla volont√† popolare.  L‚Äôelezione diretta del Presidente della Repubblica rappresenterebbe la pi√π potente misura economica di cui necessita l‚ÄôItalia.   L‚Äôattuale sistema ci ha portato ad avere 11 governi in 20 anni, rendendo la Nazione instabile e poco credibile: quella che √® cresciuta meno di tutte in Europa. Gli italiani hanno diritto di eleggere il Capo dello Stato e scegliere direttamente da chi farsi governare. Basta con governi calati dall‚Äôalto e basta con i giochi di Palazzo che mortificano la volont√† popolare.', 'Pronti a ridare forza alla volont√† popolare.  L‚Äôelezione diretta del Presidente della Repubblica rappresenterebbe la pi√π potente misura economica di cui necessita l‚ÄôItalia.   L‚Äôattuale sistema ci ha portato ad avere 11 governi in 20 anni, rendendo la Nazione instabile e poco credibile: quella che √® cresciuta meno di tutte in Europa. Gli italiani hanno diritto di eleggere il Capo dello Stato e scegliere direttamente da chi farsi governare. Basta con governi calati dall‚Äôalto e basta con i giochi di Palazzo che mortificano la volont√† popolare."", 'Pronti a dare un sostegno concreto alle famiglie.  Fratelli d‚ÄôItalia propone un cambio di paradigma nel sistema fiscale che tenga conto della composizione e delle caratteristiche delle famiglie: il cosiddetto ‚Äúquoziente familiare‚Äù.   √à un nostro obiettivo di legislatura, ma faremo qualcosa di grande impatto da subito: aumenteremo l‚Äôassegno unico universale del 50%, che in questo modo arriver√† a un massimo di 260 euro mensili per figlio.  Perch√© i bambini sono il nostro futuro e la famiglia √® il nucleo essenziale della nostra Nazione.']","Pronti a difendere la libert√† di impresa. Basta con le tasse e la burocrazia che soffocano le PMI italiane. Noi vogliamo restituire dignit√† e libert√† agli imprenditori, ai commercianti e agli autonomi. Il 25 Settembre vota Fratelli d'Italia!","Pronti a rilanciare l'economia italiana. Ridurremo le tasse sul lavoro, aumenteremo le buste paga e premieremo le imprese che assumono. Il nostro obiettivo √® creare lavoro e crescita per tutti gli italiani. Il 25 Settembre vota Fratelli d'Italia.","""Pronti a curare l'Italia.  La sanit√† √® un diritto universale, ma non pu√≤ essere garantito senza un serio piano di riforma.  Fratelli d‚ÄôItalia propone di aumentare gli investimenti in sanit√†, ma anche di introdurre un sistema di tracciamento delle liste d‚Äôattesa, per evitare che i cittadini siano costretti a lunghe attese per le visite e gli interventi.  Inoltre, vogliamo introdurre un sistema di premialit√† per gli ospedali e le strutture sanitarie che offrono servizi di alta qualit√† e riducono le liste d‚Äôattesa.  La salute degli italiani √® la nostra priorit√†. Il 25 settembre, vota Fratelli d'Italia per una sanit√† pi√π efficiente e pi√π vicina ai cittadini.""","Pronti a difendere il nostro pianeta. L'Italia √® un paese meraviglioso, ma √® anche un paese fragile. Per questo Fratelli d'Italia vuole mettere in campo una politica ambientale seria e concreta. Vogliamo ridurre drasticamente l'inquinamento, aumentare la raccolta differenziata, promuovere le energie rinnovabili e tutelare il nostro patrimonio naturale. Il 25 settembre, vota per un'Italia pi√π verde e pi√π pulita!","Pronti a garantire la sicurezza degli italiani. 

La sicurezza √® un diritto fondamentale di ogni cittadino. 

Per questo Fratelli d'Italia propone di aumentare gli organici delle forze dell'ordine, di potenziare la presenza sul territorio e di introdurre misure pi√π severe per contrastare la microcriminalit√†. 

Inoltre, vogliamo introdurre la legge e l'ordine nelle carceri, con un piano di ristrutturazione e potenziamento delle strutture e del personale. 

E' ora di dire basta alla violenza e alla prepotenza, √® ora di garantire la sicurezza e la serenit√† ai nostri cittadini. 

Il 25 settembre, vota Fratelli d'Italia per un'Italia pi√π sicura!"
Giorgia Meloni,['FDI'],"['Dopo anni di chiacchiere della sinistra nel palazzo e nei salotti, il 25 settembre, nelle urne, parlerete finalmente voi italiani.  Noi siamo pronti a risollevare l‚ÄôItalia. E voi?  #VotaFdI', 'Pronti a intervenire sul costo dell‚Äôenergia.  Siamo in piena crisi energetica, con bollette ormai insostenibili per famiglie e imprese. Il nostro intero tessuto produttivo √® in pericolo, con migliaia di aziende e di posti di lavoro a rischio.  Bisogna intervenire subito.  Ecco le nostre proposte ‚§µÔ∏è']","""Basta promesse, √® ora di agire! Il 25 settembre, vota per un'Italia che protegga i suoi cittadini, crei lavoro e rispetti le nostre tradizioni. Noi siamo pronti a guidare il cambiamento. Tu sei pronto a cambiare l'Italia? #VotaPerIlFuturo""","""Il lavoro non √® un lusso, √® un diritto!  Il 25 settembre, vota per un'Italia che crede nell'impresa e nel merito.  Noi abbiamo un piano per creare 1 milione di nuovi posti di lavoro entro il 2025.  Vuoi essere uno di loro?  #LavoroDignitoso #SviluppoEconomico""","""Basta liste d'attesa infinite e carenze di personale! Il 25 settembre, vota per un'Italia che cura i suoi cittadini, non solo le lobby farmaceutiche. Noi abbiamo un piano per la sanit√† pubblica: pi√π medici, pi√π ospedali, pi√π cure per tutti. #Sanit√†Pubblica #VotaPerIlCambiamento""","""Il futuro dell'Italia √® verde! Non possiamo pi√π permettere che la politica dell'inerzia distrugga il nostro pianeta. Il 25 settembre, vota per un'Italia sostenibile e pulita. Noi abbiamo un piano per ridurre le emissioni e investire nelle rinnovabili. Unisciti a noi per un futuro pi√π verde! #VerdiPerLItalia""","""Basta con la tolleranza zero per i delinquenti e la tolleranza totale per le vittime! Il 25 settembre, vota per la sicurezza vera: pi√π controlli, pi√π telecamere, pi√π polizia per le nostre strade. L'Italia merita di essere protetta! #SicurezzaPrimaDiTutto #VotaFdI"""
Giuseppe Conte,['M5S'],"['Solo noi parliamo di legalit√†.  I nostri valori sono chiari: lotta alla criminalit√† organizzata, alla corruzione, all‚Äôevasione fiscale e alle mafie, per te e per i tuoi figli vogliamo un Paese pi√π giusto.  üëâüèªIl 25 settembre vota. Per scegliere Giuseppe Conte, barra il simbolo del MoVimento 5 Stelle.', 'Non vi fate ingannare! Scegliete di stare #dallapartegiusta', ""Non meriti paghe da fame, hai diritto a vivere con piena dignit√†! Vogliamo introdurre il salario minimo legale a 9 euro l‚Äôora, perch√© ogni lavoratore deve avere un salario giusto e dignitoso.  üëâüèªIl 25 settembre vota. Per scegliere Giuseppe Conte, barra il simbolo del MoVimento 5 Stelle.', 'Non meriti paghe da fame, hai diritto a vivere con piena dignit√†! Vogliamo introdurre il salario minimo legale a 9 euro l‚Äôora, perch√© ogni lavoratore deve avere un salario giusto e dignitoso.  üëâüèªIl 25 settembre vota. Per scegliere Giuseppe Conte, barra il simbolo del MoVimento 5 Stelle."", 'Il reddito di cittadinanza √® attaccato dai politici di mestiere, da quelli che prendono 500 euro al giorno da 30 anni. Noi lo difendiamo, perch√© sappiamo che cancellarlo colpirebbe chi √® in difficolt√†.  üëâüèªIl 25 settembre vota. Per scegliere Giuseppe Conte, barra il simbolo del MoVimento 5 Stelle.', 'Domenica 25 settembre non si pu√≤ sbagliare. Ecco come si vota.', '√à un momento cruciale: bisogna scegliere da che parte stare. üëâ Il 25 settembre vota. Barra il simbolo del MoVimento 5 Stelle.', 'La crisi energetica non pu√≤ essere pagata da te e dalla tua famiglia. Vogliamo abbassare le bollette tassando gli extra profitti delle compagnie energetiche.   üëâüèª Il 25 settembre vota. Per scegliere Giuseppe Conte, barra il simbolo del MoVimento 5 Stelle.', 'Vogliamo eliminare il divario salariale tra uomo e donna: la disparit√† di genere che vivi in ambito lavorativo danneggia te ed anche la crescita economica e lo sviluppo culturale del Paese.  üìç Il 25 settembre vota. Per scegliere Giuseppe Conte, barra il simbolo del MoVimento 5 Stelle.', 'üõë Stop a stage e tirocini gratuiti!  üëâüèªIl 25 settembre vota. Per scegliere Giuseppe Conte, barra il simbolo del MoVimento 5 Stelle.', 'Vogliamo pene pi√π severe per chi li maltratta. Proponiamo il cashback per le tue spese veterinarie, compresi i farmaci. üëâüèªIl 25 settembre vota. Per scegliere Giuseppe Conte, barra il simbolo del MoVimento 5 Stelle']","""Non lasciare che la paura del cambiamento ti trattenga! Scegli un futuro pi√π giusto e sostenibile. Il 25 settembre vota per un'Italia che protegga l'ambiente e i diritti dei cittadini. Barra il simbolo del MoVimento 5 Stelle!""","""Il tuo potere d'acquisto non pu√≤ essere schiacciato dall'inflazione! Vogliamo introdurre un tetto massimo per gli aumenti dei prezzi dei beni di prima necessit√†, per difendere il tuo salario e la tua famiglia. Il 25 settembre vota. Per scegliere Giuseppe Conte, barra il simbolo del MoVimento 5 Stelle.""","""Il diritto alla salute √® un diritto fondamentale! Vogliamo un SSN pubblico e universale, che garantisca a tutti, ricchi e poveri, le stesse cure e gli stessi trattamenti. Basta con le liste d'attesa infinite e le spese esose! Il 25 settembre vota per un'Italia che cura tutti, non solo chi se lo pu√≤ permettere. Barra il simbolo del MoVimento 5 Stelle e scegli Giuseppe Conte!""","""Il futuro del nostro pianeta √® nelle tue mani! Non possiamo pi√π permettere che la politica tradizionale sacrifichi l'ambiente per interessi di parte. Vogliamo investire in energia rinnovabile, ridurre i rifiuti e proteggere le nostre risorse naturali. Il 25 settembre vota per un'Italia sostenibile! Barra il simbolo del MoVimento 5 Stelle""","""Il diritto alla sicurezza √® un diritto fondamentale! Vogliamo pi√π controlli nelle citt√†, pi√π telecamere di sorveglianza e pi√π agenti in strada per garantire la sicurezza di tutti. Non √® pi√π il momento di avere paura di uscire di casa la sera. Il 25 settembre vota per scegliere un'Italia pi√π sicura, barra il simbolo del [Nome del Partito]!"""
Italia Viva,['3POLO'],"[""√à il momento di chiudere una stagione di conflitti e slogan. Il 25 settembre possiamo farlo. Scegli l'#ItaliaSulSerio, vota #TerzoPolo."", 'In questi due mesi in cui l‚ÄôItalia si gioca moltissimo. Il nostro obiettivo √® chiaro: noi non vogliamo portare Meloni o Salvini a Palazzo Chigi ma riportarci Draghi. E poi fare finalmente la riforma costituzionale del Sindaco d‚ÄôItalia. Diventa volontario e aiutaci con la campagna elettorale: http://bit.ly/dammiil5   #dammiil5', 'Le tasse dei cittadini che lavorano non possono finire nelle tasche di criminali e furbetti. Giuseppe Conte voleva abolire la povert√† ma l‚Äôunica cosa che ha abolito √® stata l‚Äôonest√†.  Benedetta Frucci   Www.furbettidelreddito.it', 'Noi avevamo istituito l\\\'unit√† di missione ""Casa Italia - Italia Sicura"" contro il dissesto idrogeologico. Una struttura che dava i suoi frutti in termini di prevenzione. Conte, Di Maio e Salvini l\\\'hanno chiusa. Perch√©?', 'Il movimento 5 stelle sta facendo una campagna elettorale scandalosa, usa il reddito di cittadinanza come voto di scambio istituzionalizzato.', ""A Firenze chi ha a cuore gli interessi della citt√† vota Terzo Polo, per fare la nuova pista dell'aeroporto."", ""L'Italia ha bisogno del MES, 37 miliardi dall'Europa dedicati esclusivamente alla sanit√†. Perch√® siamo gli unici a volerlo?""]","""Basta con le promesse vuote! Il 25 settembre scegliamo il cambiamento reale. Vota #TerzoPolo per un'Italia pi√π giusta e innovativa. #ItaliaSulSerio""","""Il lavoro non √® un optional. Il 25 settembre scegliamo chi investe sulle imprese e sulla formazione, non chi taglia i fondi per le politiche attive del lavoro. Vota #TerzoPolo per un'Italia che produce e innova.""","""Il diritto alla salute non √® un privilegio, √® un diritto di tutti! Il 25 settembre scegli chi investe nella sanit√† pubblica e non nella sanit√† privata dei pochi. Vota per un'Italia che cura tutti, non solo chi pu√≤ permetterselo. #SalutePubblica #Sanit√†PerTutti""","""Il futuro dell'Italia √® verde! Non possiamo pi√π permettere che la politica dell'inerzia distrugga il nostro pianeta. √à il momento di agire, di investire in rinnovabili e sostenibilit√†. Vota per un'Italia che respira, vota per il futuro dei nostri figli! #AmbienteInPrimoPiano #Sostenibilit√†Ora""","""Il crimine non pu√≤ pi√π essere tollerato! √à ora di dire basta alla violenza e alla paura nelle nostre citt√†. Il 25 settembre, vota per la sicurezza, vota per il futuro dei nostri figli. #SicurezzaPrimaDiTutto #ItaliaSicura"""
Lega - Salvini Premier,['LEGA'],"['Immigrazione incontrollata oppure regole chiare? E tu, da che parte stai?   Assistere allo sbarco di migliaia di immigrati clandestini senza far nulla oppure far rispettare le leggi?  Tu da che parte stai?']","""Rispetto per le regole o caos totale? Vuoi che i politici mantengano le promesse o che continuino a parlare a vuoto? Scegli chi rappresenta veramente i tuoi valori! #ScegliConCoscienza""","""Tasse sempre pi√π alte o crescita economica per tutti? Vuoi continuare a pagare il conto della crisi o vuoi essere parte della ripresa? Scegli il futuro della tua famiglia e del tuo lavoro! #CrescitaNonTasse""","""Sanit√† pubblica in crisi o investimenti per la nostra salute? Vuoi continuare a vedere liste d'attesa infinite e carenze di personale oppure vuoi un sistema sanitario all'altezza dei nostri bisogni? Scegli di investire nella tua salute, scegli il cambiamento!""","""Vuoi un futuro pulito o un pianeta morente?  Scegli tra politiche verdi e concrete o promesse vuote e inquinamento. Noi scegliamo la salute dei nostri figli e del nostro pianeta! Tu?""","""Sicurezza: priorit√† o slogan? Vuoi vivere in una citt√† dove la paura non ti tiene sveglio la notte o dove la legge e l'ordine sono una realt√†? Scegli chi mette la sicurezza al primo posto! #SicurezzaPrimaDiTutto"""
Matteo Renzi,['3POLO'],"['Il mio invito ai ragazzi universitari: credeteci, giocatevela, non fatevi fermare da chi vi vuole sudditi e non cittadini #ItaliaSulSerio', 'Enrico Letta mi attacca anche oggi. E dice: ha ragione la Meloni, √® colpa di Renzi. Ormai √® un ritornello. Pur di attaccare me, Letta si schiera anche stavolta con la Meloni. Nel merito, una volta di pi√π, Letta sbaglia. La legge elettorale che volevo io era quella col ballottaggio collegata alla riforma costituzionale che superava il bicameralismo. La sconfitta referendaria, purtroppo, ci ha impedito di cambiare modello istituzionale. La legge in vigore √® stata votata da molte forze politiche (Pd, Forza Italia, Lega su tutti) e la fiducia su quella legge l‚Äôha messa il governo Gentiloni e il ministro Finocchiaro. Ma ci√≤ che mi colpisce non √® la cosa in s√®: a tutti capita di sbagliare, specie a Letta in questo periodo. La cosa che mi fa impressione √® che Letta sta facendo ormai da giorni la campagna a tempo pieno per la Meloni: propone di aumentare le tasse, imbarca gli anti Draghi, difende il reddito di cittadinanza e cancella le misure per la crescita approvate dai governi del PD.  Col solito ritornello: ‚ÄúRenzi ha torto, la Meloni ha ragione‚Äù. Incredibile: il rancore personale sta portando il PD a fare campagna elettorale per la destra sovranista', 'Tutti applaudono Draghi oggi: sono felice. Ma il #25settembre tutti gli altri schieramenti candidano persone che hanno lavorato per mandare a casa Draghi: la destra di Meloni e Salvini, la sinistra di Fratoianni, i 5 Stelle di Conte. Gli unici coerenti e compatti a sostegno di Draghi siamo stati, siamo e saremo solo noi #ItaliaSulSerio #TerzoPolo #Renew', 'L‚ÄôItalia vivr√† nei prossimi mesi momenti difficili, dall‚Äôinflazione all‚Äôenergia alla crisi internazionale. Se volete scegliere persone competenti ci siamo. Se preferite chi racconta barzellette o assurdit√†, avete l‚Äôimbarazzo della scelta #TerzoPolo', 'Non hanno altri argomenti e dunque ci provano con il voto utile. Ma con quattro schieramenti in campo l‚Äôunico #VotoUtile consiste nel mandare persone competenti in Parlamento #60secondi', 'Noi vogliamo gli Stati Uniti d‚ÄôEuropa, non il sovranismo  #TerzoPolo', 'L‚Äôaccordo tra Pd e la sinistra radicale svela la verit√†: anche i dem si alleano con chi ha fatto cadere Draghi. Gli unici coerenti con l‚ÄôAgenda Draghi siamo noi #TerzoPolo. Faremo una campagna elettorale in nome del coraggio e della verit√†. #ControCorrente', 'Tre ex premier, tre domande. Risponderanno? #ItaliaSulSerio #TerzoPolo', ""Giuseppe CONTE usa reddito e attacchi personali per non rispondere a una semplice domanda: PERCH√â NEL 2018 HA CHIUSO la struttura di Italia Sicura? Perch√©? #ItaliaSulSerio', 'Giuseppe CONTE usa reddito e attacchi personali per non rispondere a una semplice domanda: PERCH√â NEL 2018 HA CHIUSO la struttura di Italia Sicura? Perch√©? #ItaliaSulSerio"", '#ItaliaSicura Avevamo creato una struttura apposita per finanziare e accelerare le opere contro il dissesto idrogeologico. Lega e 5Stelle l‚Äôhanno chiusa. Non ci credete? Sentite qui: era il 2018. Ecco perch√© Conte scappa da un dibattito civile con me']","""Siete stanchi delle promesse non mantenute? Volete un'Italia che guardi al futuro? Scegliete chi ha gi√† dimostrato di saper governare con competenza e coraggio. #ItaliaSulSerio #TerzoPolo""","""L'Italia ha bisogno di crescita, non di assistenza. Noi proponiamo investimenti in innovazione e formazione, non aumenti di tasse e reddito di cittadinanza. Scegliete il futuro, non la paura #ItaliaSulSerio #TerzoPolo""","""Il diritto alla salute √® sacrosanto. Ma la sanit√† pubblica non √® solo un diritto, √® anche una scelta di civilt√†. Noi scegliamo di investire nella prevenzione, nella ricerca e nella qualit√† delle cure. Gli altri? Tagliano i fondi e lasciano morire gli ospedali. Il 25 settembre, scegli chi sceglie la salute #ItaliaSulSerio #SaluteInPrimoPiano""","""Il cambiamento climatico √® una realt√†, non un'opinione. Noi ci crediamo e agiamo di conseguenza. Non vogliamo pi√π parole, ma fatti. Ecco perch√© il nostro programma prevede investimenti concreti per la transizione ecologica e la tutela dell'ambiente non √® solo una questione di principio, ma anche di economia e di lavoro. Scegliere noi significa scegliere un futuro sostenibile per l'Italia #AmbienteInAzione #ItaliaSulSerio""","""Sicurezza non √® solo una parola, √® un diritto. Noi abbiamo gi√† fatto molto, ma vogliamo di pi√π. Pi√π telecamere, pi√π polizia, pi√π controlli. Perch√© la sicurezza √® la premessa per la libert√†. #SicurezzaPerTutti #ItaliaSulSerio"""
Matteo Salvini,['LEGA'],"[""Indipendenza energetica e Nucleare sicuro. Credo nell'Italia pulita che coniuga crescita e ambiente.  #25settembrevotoLega"", ""Stop agli sbarchi. Credo nell'Italia sicura. Lo abbiamo fatto e lo rifaremo.  #25settembrevotoLega"", 'Stop Fornero. S√¨ Quota 41. Credo in pensioni giuste e spazio ai giovani italiani.  #25settembrevotoLega', 'Pace fiscale. Flat Tax al 15%. Credo negli Italiani. Fermiamo insieme la sinistra delle tasse.  #25settembrevotoLega', 'Iva Zero su pane, pasta, riso, latte, frutta e verdura. Credo che nessun Italiano vada lasciato indietro.  #25settembrevotoLega', 'E tu, da che parte stai?', 'Finalmente, dopo tre anni, BENTORNATA PONTIDA!', 'üîµ #CREDO NELLA #FLATTAX E NELLA PACE FISCALE - MENO TASSE, PI√ô LAVORO  üìç MILANO, Palazzo del Ghiaccio, via Giovanni Battista Piranesi, 14 ‚úèÔ∏è ISCRIVITI SUBITO üëâ https://forms.gle/NkHRTtVq2gmgmaA4A  #25settembrevotoLega, io ci #Credo.', 'üîµ CREDO NELLA SCUOLA, ISTRUIRE O EDUCARE?  La scuola del merito, delle opportunit√† e delle competenze.  üìçFIRENZE, Auditorium Firenze Fiera, piazza Adua, 1  ‚úèÔ∏è ISCRIVITI SUBITO üëâ https://forms.gle/hnWsxzRaqSS7nRgA9  #25settembrevotoLega, io ci #Credo.', 'Siamo in pi√π di 5 milioni di Amici su Facebook, e questa Pagina √® quella che cresce di pi√π tra i leader politici. GRAZIE DI CUORE! Grazie a chi c‚Äô√® da tanti anni, a chi √® arrivato da poco e a tutti quelli che vorranno unirsi a questa splendida comunit√† connessa. INSIEME si pu√≤ vincere, io ci #CREDO. #25settembrevotolega  P.s. Se volete ci possiamo salutare anche qui:  Instagram: https://www.instagram.com/matteosalviniofficial/ Telegram: https://t.me/SalviniNews TikTok: https://www.tiktok.com/@matteosalviniufficiale Twitter: https://twitter.com/matteosalvinimi Gruppo Facebook: https://www.facebook.com/groups/matteo.salvini.leader']","""Il futuro √® nostro! Credo in un'Italia libera e sovrana. Stop all'immigrazione incontrollata e s√¨ alla sicurezza dei nostri cittadini. #25settembrevotoLega""","""Rilanciamo l'Italia! Credo in un'economia forte e libera. Flat Tax al 15% per tutti, stop alle tasse sulla casa e sulla famiglia. Pi√π lavoro, pi√π crescita, pi√π futuro per gli italiani. #25settembrevotoLega""","""Sanit√† al centro! Credo in un sistema sanitario pubblico e di qualit√† per tutti. Pi√π medici, pi√π ospedali e pi√π cure gratuite. Nessun Italiano lasciato indietro. #25settembrevotoLega""","""Il futuro dell'Italia √® verde. Credo in un ambiente pulito e in un'economia circolare. Stop alle plastiche, s√¨ alle rinnovabili. Insieme per un'Italia sostenibile. #25settembrevotoLega""","""Stop alla violenza di strada. Credo nella sicurezza totale per le nostre famiglie. Pi√π controlli, pi√π telecamere, pi√π polizia.  #25settembrevotoLega"""
Nicola Fratoianni,['AVD'],"['L\'Italia riparte da Scuola e Universit√†, per garantire alle nuove generazioni un futuro libero e di riscatto.  Del diritto universale all\'istruzione gratuita deve farsi carico una fiscalit√† realmente progressiva, come parte di un patto sociale.  √à necessario far s√¨ che la scuola torni a essere un vettore di mobilit√† sociale e non che certifichi, cristallizzi o addirittura moltiplichi le disuguaglianze."", ""L\'Italia riparte da Scuola e Universit√†, per garantire alle nuove generazioni un futuro libero e di riscatto.  Del diritto universale all\'istruzione gratuita deve farsi carico una fiscalit√† realmente progressiva, come parte di un patto sociale.  √à necessario far s√¨ che la scuola torni a essere un vettore di mobilit√† sociale e non che certifichi, cristallizzi o addirittura moltiplichi le disuguaglianze.', ""Dobbiamo incamminarci verso una societ√† in cui il lavoro √® stabile, tutelato e pagato il giusto. Perch√© un'azienda, senza chi lavora, non produce nulla.  Il nostro impegno parte dall'abolizione del Jobs Act con l'introduzione di un salario minimo legale: 1.200 euro al mese √® il prezzo della dignit√†."", 'La speculazione sul prezzo dell\'energia √® la grande colpevole di questo dramma economico e sociale: si tratta di 50 miliardi di Euro di extraprofitti che devono tornare nelle tasche di famiglie e imprese.  L\'energia va ripensata come un bene comune, staccandosi dalla logica dei sistemi centralizzati in cui pochi producono e tutti consumano, continuando a far incassare alle compagnie una montagna di soldi.  Chiediamo a gran voce la tassazione al 100% dei profitti extra delle compagnie energetiche, da restituire alle lavoratrici e ai lavoratori."", ""La speculazione sul prezzo dell\'energia √® la grande colpevole di questo dramma economico e sociale: si tratta di 50 miliardi di Euro di extraprofitti che devono tornare nelle tasche di famiglie e imprese.  L\'energia va ripensata come un bene comune, staccandosi dalla logica dei sistemi centralizzati in cui pochi producono e tutti consumano, continuando a far incassare alle compagnie una montagna di soldi.  Chiediamo a gran voce la tassazione al 100% dei profitti extra delle compagnie energetiche, da restituire alle lavoratrici e ai lavoratori.', 'üõë Fermiamo il caro bollette! L‚Äôaumento dei prezzi energetici sta causando una gravissima crisi sociale ed economica. √à sempre pi√π urgente fissare un tetto al prezzo del gas.', 'Non c\'√® dubbio che la transizione energetica sia possibile. L‚ÄôItalia deve dotarsi di un obiettivo nazionale di riduzione delle emissioni serra come hanno fatto tutti i grandi paesi Europei.  La transizione ecologica pu√≤ essere accettata unicamente a fronte di un coinvolgimento dei cittadini nei processi decisionali. Noi siamo pronti a scendere in campo, per rappresentare la voce delle nuove generazioni."", ""Non c\'√® dubbio che la transizione energetica sia possibile. L‚ÄôItalia deve dotarsi di un obiettivo nazionale di riduzione delle emissioni serra come hanno fatto tutti i grandi paesi Europei.  La transizione ecologica pu√≤ essere accettata unicamente a fronte di un coinvolgimento dei cittadini nei processi decisionali. Noi siamo pronti a scendere in campo, per rappresentare la voce delle nuove generazioni.', 'La destra non parla mai di dignit√† del lavoro e di alzare i salari, pensa solo a far pagare meno tasse agli imprenditori. L‚ÄôItalia √® l‚Äôunico paese europeo in cui i salari sono diminuiti rispetto al 1990.', ""Non c'√® dubbio che la transizione energetica sia possibile. L‚ÄôItalia deve dotarsi di un obiettivo nazionale di riduzione delle emissioni serra come hanno fatto tutti i grandi paesi Europei.  La transizione ecologica pu√≤ essere accettata unicamente a fronte di un coinvolgimento dei cittadini nei processi decisionali. Noi siamo pronti a scendere in campo, per rappresentare la voce delle nuove generazioni."", ""Il nostro tessuto sociale ed economico dipende in modo decisivo dal lavoro femminile.  √à fondamentale rendere l‚ÄôItalia un paese pi√π equo e inclusivo: possiamo farlo adottando un piano straordinario per l‚Äôoccupazione femminile e intervenendo contro la disparit√† economica.', 'Il nostro tessuto sociale ed economico dipende in modo decisivo dal lavoro femminile.  √à fondamentale rendere l‚ÄôItalia un paese pi√π equo e inclusivo: possiamo farlo adottando un piano straordinario per l‚Äôoccupazione femminile e intervenendo contro la disparit√† economica."", 'Senza paura. Un messaggio per voi.  Per guardare al futuro, senza dimenticare il passato.  #AlleanzaVerdiSinistra #SenzaPaura #Facciamolo', 'Partiamo dalle basi.  Sotto 10‚Ç¨ l\\\'ora non √® lavoro, ma sfruttamento. Punto.  Il problema non √® il reddito di cittadinanza, n√© i fantomatici ""giovani che non vogliono lavorare"", ma le paghe da fame e chi assume in nero.  E il dovere dello Stato deve essere di garantire una retribuzione e una vita dignitosa a chiunque. Di questo dovrebbe discutere la politica.  Noi lo facciamo. E ci candidiamo per rappresentare queste battaglie in Parlamento. Come abbiamo sempre dimostrato, nei fatti e non solo a parole.  #AlleanzaVerdiSinistra #SinistraItaliana #Stipendi #Lavoro #Diritti #SalarioMinimo #RedditoDiCittadinanza #Facciamolo']","""√à ora di cambiare! L'Italia ha bisogno di un futuro sostenibile e giusto. Noi proponiamo un piano per l'occupazione verde e la transizione ecologica, per garantire un lavoro dignitoso e un ambiente salubre per le future generazioni. Uniamoci per un'Italia pi√π equa e sostenibile! #AlleanzaVerdiSinistra #FuturoSostenibile #LavoroDignitoso""","""Il futuro dell'Italia passa per un'economia giusta e sostenibile. Basta con la speculazione e lo sfruttamento! √à tempo di investire nel lavoro dignitoso, nella transizione ecologica e nella giustizia sociale. Scegliamo un'Italia che metta al centro le persone e il pianeta, non solo gli interessi dei pochi. #EconomiaGiusta #Sostenibilit√† #LavoroDignitoso""","""Il diritto alla salute √® un diritto universale! √à ora di rilanciare il nostro Servizio Sanitario Nazionale, garantendo a tutti l'accesso a cure di qualit√† e gratuite. Basta con le liste d'attesa infinite e le spese private! Il nostro impegno √® per un SSN pubblico, universale e di qualit√†, che metta al centro la salute di tutti i cittadini. #Sanit√†Pubblica #DirittoAllaSalute #SSN""","""Non c'√® pi√π tempo da perdere! L'Italia deve agire ora per proteggere il nostro pianeta. Chiediamo un piano nazionale per la riduzione delle emissioni e investimenti in energie rinnovabili. Il futuro della nostra Terra √® nelle nostre mani! #Ambiente #Sostenibilit√† #Futuro""","""Il diritto alla sicurezza √® un diritto fondamentale di ogni cittadino. Ma la sicurezza non si garantisce solo con pi√π polizia e pi√π carcere. La vera sicurezza si costruisce con pi√π giustizia sociale, pi√π opportunit√† e pi√π coesione. Noi vogliamo un'Italia dove la sicurezza √® un diritto per tutti, non un privilegio per pochi. #SicurezzaPerTutti #GiustiziaSociale"""
Partito Democratico,['PD'],"['Nessun destino √® gi√† scritto, scriviamolo insieme! Entra a far parte della squadra di volontarie e volontari Democratici!  Clicca qui üëâüèª https://partecipa.partitodemocratico.it #volontariPD #Italia2027 #ElezioniPolitiche2022', 'Il faccia a faccia tra i due leader, moderato dal direttore del Corriere Luciano Fontana', 'Nessun destino √® gi√† scritto.   La forza del Partito democratico √® nella sua storia, nelle sue radici e nei suoi orizzonti europei. Giovani, lavoro, ambiente, diritti: queste sono le nostre battaglie.   Leggi il programma completoüëáhttps://elezioni2022.partitodemocratico.it/wp-content/uploads/2022/08/AGGIORNAMENTO-PROGRAMMA_INSIEMEPERUNITALIADEMOCRATICAEPROGRESSISTA_250822-1.pdf   #scegli #25settembreVotoPD', ""Per far crescere l'Italia, lottare contro le diseguaglianze, il lavoro povero, i crimini d'odio. Per l'ambiente, per le donne e per i giovani.  Scrivi M20 sulla tua dichiarazione dei redditi per donare il tuo 2x1000 al Partito Democratico. √à facile e non ti costa nulla."", ""üáÆüáπ √à semplice, nel mondo sarebbero Trump, Putin e Orban a gioire se vincessero Meloni e Salvini. Un enorme pericolo per l‚ÄôItalia e per l‚ÄôEuropa.  üá¨üáß It's simple, in the world it would be Trump, Putin and Orban who would rejoice if Meloni and Salvini win. An enormous danger for Italy and for Europe.  Enrico Letta"", 'Ci sono molte ragioni per cui la destra italiana non √® credibile in Europa.  Potremmo cominciare dal fatto che, l\\\'ultima volta che ha governato il nostro Paese, abbiamo rischiato la bancarotta. Per poi proseguire con i suoi continui ""NO"" dalla lotta al cambiamento climatico al riconoscimento dei diritti.  Bastano pochi minuti a spiegarlo. #vinconoleidee #laverit√†sulladestra   Enrico Letta', 'üî¥ In diretta da Piazza Santi Apostoli a Roma - Apertura della campagna elettorale.', '‚ÄúUn mese fa, esattamente un mese fa, Conte, Berlusconi e Salvini facevano cadere il Governo Draghi.   In quel momento stavamo realizzando una promessa: una mensilit√† in pi√π a tutte le lavoratrici e i lavoratori grazie a un‚Äôimportante e strutturale riduzione delle tasse sul lavoro. Ma non lo hanno permesso.   Noi continueremo a portare avanti questa proposta. Perch√© le lavoratrici e i lavoratori sono il cuore del nostro programma. Perch√© di fronte al #carovita che sta schiacciando lavoratori e famiglie, √® nostro dovere intervenire‚Äù. @enricoletta', 'Da oggi il PD √® su #TikTok. Discuteremo coi pi√π #giovani delle priorit√† che spesso la #politica trascura. Grazie Alessandro Zan per lo #spiegone su #diritti e #benaltrismo e per ricordare che i 18enni per la prima volta votano al #Senato. #Scegli  Seguici üëâüèª https://www.tiktok.com/@partitodemocratico/video/7138333950086270214', 'Su #TikTok Alessandro Zan smonta 5 pericolose #fakenews di Giorgia Meloni contro la comunit√† lgbtqia+.   Seguici su TikTok üëâüèª https://vm.tiktok.com/ZMNKqch97/']","""Un'Italia pi√π giusta e sostenibile √® possibile! Unisciti a noi per costruire un futuro migliore per tutti. Leggi il nostro programma e scopri come possiamo fare la differenza insieme! #ScegliIlFuturo #ItaliaSostenibile #PD""","""Il lavoro non √® un lusso, √® un diritto! Il Partito Democratico propone un piano per creare 1 milione di posti di lavoro entro il 2025, con investimenti in innovazione e formazione. Scegli un futuro di crescita e opportunit√†! #LavoroDignitoso #PDperilLavoro""","""Il diritto alla salute √® un diritto fondamentale! Il Partito Democratico si impegna a difendere e potenziare il nostro Sistema Sanitario Nazionale, garantendo cure di qualit√† per tutti, indipendentemente dal reddito o dalla provenienza. Nessuno deve essere lasciato indietro! #SalutePerTutti #PDperlaSanit√†""","""Il futuro dell'Italia √® verde! Non possiamo pi√π permettere che la politica della destra sacrifichi l'ambiente per interessi di parte. Il PD propone un piano per la transizione ecologica, per creare lavoro e tutelare il nostro pianeta. Scegli il futuro, scegli il PD! #AmbienteInPrimoPiano #VerdiPerIlFuturo""","""Il diritto alla sicurezza √® un diritto di tutti! Non √® un privilegio per pochi. Per questo il Partito Democratico propone un piano per la sicurezza che metta al centro le esigenze delle comunit√† e dei cittadini, non gli interessi di pochi. Vogliamo pi√π sicurezza per le nostre citt√†, pi√π sicurezza per le nostre famiglie, pi√π sicurezza per i nostri bambini. Un'Italia pi√π sicura per tutti, non solo per pochi. #SicurezzaPerTutti #PartitoDemocratico"""
Silvio Berlusconi,['FI'],"['Oggi quasi il 50% degli elettori minaccia l‚Äôastensionismo. Un comportamento autolesionista e che diventa anche un disastro per la democrazia.', ""Noi siamo il punto di riferimento del centrodestra, l'unico vero centro che interpreta i valori liberali, europeisti e atlantisti.   Siamo pronti alla sfida decisiva per tornare alla guida del Paese. Il centrodestra deve e pu√≤ vincere queste elezioni, solo se Forza Italia sar√† il partito trainante!"", 'Oggi, voglio parlarvi di noi, di Forza Italia, di chi siamo e chi rappresentiamo.  Noi, come Forza Italia, come movimento politico, rappresentiamo nel nostro Paese, l‚ÄôItalia che lavora e che produce, l‚ÄôItalia di buonsenso e di buona volont√†, l‚ÄôItalia seria, concreta e perbene, l‚ÄôItalia delle famiglie e delle imprese.   E in Italia, siamo gli unici testimoni e gli unici continuatori della tradizione liberale, della tradizione cristiana, garantista, europeista e atlantista.   Tra i 67 governi che si sono succeduti nei 74 anni della nostra Repubblica, siamo stati noi i soli a non aumentare le tasse, anzi, abbiamo abbassato la pressione fiscale sotto il 40%, la stessa che oggi √® al 43,6%. Siamo stati noi a mantenere la disoccupazione sotto la media europea. Siamo stati ancora noi i soli ad investire convintamente sul Sud. Siamo stati noi i soli a dare una speranza ai giovani e ad abolire il servizio militare obbligatorio. Siamo stati noi i soli, grazie a dei trattati con gli Stati africani nel Mediterraneo ad impedire la partenza dei migranti e ad azzerare gli sbarchi dei clandestini. Questo √® avvenuto prima che la sinistra permettesse l‚Äôinvasione incontrollata.   Con il nostro governo, nel 2010, siamo arrivati ad avere in Italia solo 4.100 clandestini. Con la nostra straordinaria politica estera, siamo tornati a far sentire la voce dell‚ÄôItalia nel mondo, riuscendo a mettere d‚Äôaccordo nel 2002 gli USA, la Russia e tutti i Paesi della NATO, per porre fine alla guerra fredda, che ci aveva angosciato per pi√π di cinquant‚Äôanni.   Io dico che, davvero, noi possiamo essere orgogliosi di ci√≤ che siamo riusciti a fare nei quasi dieci anni di nostra responsabilit√† a Palazzo Chigi. Contiamo naturalmente, se ci darete il vostro sostegno con il voto, di essere ancora protagonisti di un comune grande futuro.', 'Ieri, vi ho parlato della riforma della giustizia.  Oggi, vi parlo di un‚Äôaltra riforma fondamentale: la riforma della burocrazia, una riforma indispensabile, affinch√© l‚ÄôItalia possa tornare ad essere un Paese in cui si fa impresa, si investe, si fanno utili e si crea lavoro.  Per arrivare a questo, dobbiamo assolutamente dire basta alle autorizzazioni preventive, che oggi sono necessarie per far partire qualsiasi attivit√† imprenditoriale. Autorizzazioni, che i comuni e le altre autorit√† preposte ci rilasciano con molta difficolt√† e con gravi ritardi.   Chi vorr√† aprire un‚Äôazienda o un negozio, chi vorr√† costruire o anche solo ristrutturare un immobile, con la nostra riforma potr√† farlo senza attese e senza intoppi. Baster√† mandare una lettera raccomandata al Comune, o alle altre Istituzioni interessate e si potr√† partire subito con i lavori. Naturalmente rispettando le leggi in vigore.  I controlli verranno solo effettuati a posteriori e qualora dovesse trovarsi qualcosa che non √® conforme alla legge, l‚Äôinteressato avr√† a disposizione un tempo ragionevole per mettere tutto in regola.  Se questo non dovesse avvenire, saranno comminate delle sanzioni, proporzionate alla gravit√† della violazione.   L‚ÄôAssociazione italiana costruttori ha valutato che con questa riforma l‚Äôedilizia potr√† ripartire e si creeranno addirittura 800.000 posti di lavoro in pi√π.   Domani, vi parler√≤ di un‚Äôaltra grande riforma, quella del fisco e vi illustrer√≤ la nostra flat tax.  Ma, per riuscire a realizzare tutte queste innovazioni, dobbiamo avere il vostro supporto. Dobbiamo fare di Forza Italia il partito pi√π importante della nostra coalizione.  Quindi, il 25 settembre, dovete andare a votare e dovete votare per noi, per Forza Italia!', 'Nessun sistema produttivo pu√≤ reggere a lungo senza scaricare sui prezzi al consumo gli aumenti insostenibili.   Rischiamo di soffocare la domanda interna e perdere competitivit√† sui mercati internazionali. Le famiglie potrebbero trovarsi a dover scegliere fra pagare le bollette, sempre pi√π alte, e fare la spesa, con prodotti anch‚Äôessi fortemente rincarati.   Molte aziende potrebbero essere costrette a chiudere o a ridurre il personale, con effetti disastrosi sull‚Äôoccupazione.   Bisogna agire subito, con interventi tampone di tipo fiscale. Ma bisogna anche mettere mano immediatamente a un programma che ci metta al riparo, per il futuro, da situazioni di questo genere.', 'Sono convinto che la nostra ricetta possa innescare la ripresa di cui l‚ÄôItalia ha bisogno: pi√π utili per le imprese, pi√π consumi, pi√π occupazione, stipendi migliori e alla fine anche un vantaggio per le casse dello Stato.', 'Oggi mi rivolgo proprio a te e voglio farti qualche domanda.   Sei contento di come vanno le cose in Italia? Sei contento del lavoro che hai? Sei contento delle bollette che devi pagare?  Sei contento delle opportunit√† di lavoro che ti vengono offerte? Sei contento delle tasse che paghi?  Sei contento della tua pensione? Sei contento di come funziona la burocrazia? Sei contento di come funziona la giustizia?  Se la risposta √® s√¨, che sei contento, allora il 25 settembre puoi stare a casa o puoi votare la sinistra, che ti garantisce di andare avanti cos√¨ o peggio di cos√¨.  Se invece non sei contento, se vuoi cambiare davvero le cose per il tuo futuro e quello della tua famiglia, il 25 settembre devi andare a votare e devi votare assolutamente Forza Italia.', ""Anche quando sei all'estero, una pillola al giorno dovrebbe levare il medico di torno. Una pillola al giorno del nostro programma dovrebbe levare di torno i signori della sinistra.  Oggi, parliamo di politica estera. La politica internazionale dell'Italia si basa fin dal dopoguerra sull'Alleanza Atlantica, sullo stretto rapporto con gli Stati Uniti, che ci hanno salvato dal totalitarismo nazista prima e da quello comunista poi.   Sono stato uno dei pochi premier italiani ad avere l'onore di parlare davanti al Congresso degli Stati Uniti. In quella occasione, ho ricordato la promessa fatta a mio padre, davanti alle tombe dei ragazzi americani caduti per la nostra libert√†, di non dimenticare mai che il nostro cuore, la nostra anima, la nostra mente devono stare con l'America e il mondo libero.  Noi abbiamo sempre sostenuto gli Stati Uniti e la NATO, anche nei momenti pi√π difficili, perch√© siamo dalla parte della libert√†.   Naturalmente siamo persone responsabili, quindi di fronte alla tragedia della guerra speriamo sempre nelle soluzioni diplomatiche. Ma la nostra scelta di campo √® chiara, siamo dalla parte dell'occidente, della democrazia, del diritto internazionale, dei popoli liberi.  Se sei d'accordo, se anche tu pensi che il legame dell'Italia con l'Occidente sia fondamentale, il 25 settembre, dovunque tu sia, in Italia o all'estero, devi andare a votare e devi votare Forza Italia."", ""Gli altri Paesi, grazie all'utilizzo dei termovalorizzatori, producono anche energia.  In Italia invece, siamo stati costretti ad assistere alla politica ideologica dei No della sinistra, che ha bloccato quel progresso che i miei governi avevano avviato.  Il governo attuale deve prendere provvedimenti urgenti per sterilizzare gli aumenti delle bollette e non mandare in crisi famiglie e imprese italiane.   Il servizio del Tg4."", ""In questi 11 anni, la sinistra ha bloccato gli investimenti sull'energia, che noi avevamo avviato. Dal 25 settembre, riprenderemo quel progresso interrotto, consci che ci vorr√† del tempo prima di vedere i primi risultati.  Nell'immediato per√≤, l'attuale esecutivo pu√≤ intervenire per contenere gli aumenti delle bollette di luce e gas.   Ascolta la mia intervista a Radio Subasio.""]","""Siete stanchi di sentirvi dire che l'Italia non pu√≤ cambiare? Che il declino √® inevitabile? Io no! Io credo che possiamo fare meglio. Possiamo creare un'Italia pi√π giusta, pi√π libera e pi√π prospera. Ma per farlo, dobbiamo cambiare il corso delle cose. Dobbiamo scegliere un nuovo percorso. Il 25 settembre, votate Forza Italia e insieme possiamo scrivere un nuovo futuro per il nostro Paese!""","""Il futuro dell'Italia si gioca sull'economia. Noi di Forza Italia abbiamo un piano chiaro per rilanciare il Paese: taglio delle tasse, semplificazione burocratica e investimenti strategici. Vogliamo liberare le energie imprenditoriali e creare nuove opportunit√† di lavoro. Il 25 settembre, vota Forza Italia per un'Italia pi√π forte e pi√π prospera!""","""Il diritto alla salute √® un diritto fondamentale di ogni cittadino. Ma in Italia, la sanit√† pubblica √® in crisi. Liste d'attesa infinite, carenze di personale e di mezzi, strutture fatiscenti. √à ora di cambiare! Con Forza Italia, vogliamo una sanit√† pubblica efficiente, moderna e accessibile a tutti. Vogliamo ridurre le liste d'attesa, aumentare il personale sanitario e investire nelle nuove tecnologie. Il 25 settembre, vota Forza Italia per una sanit√† che curi veramente gli italiani!""","""Il futuro dell'Italia √® verde! √à ora di cambiare rotta e proteggere il nostro pianeta. Noi di Forza Italia abbiamo un piano per ridurre le emissioni, investire nelle rinnovabili e tutelare la biodiversit√†. Il 25 settembre, vota per un'Italia sostenibile e vota Forza Italia! #Ambiente #Sostenibilit√† #ForzaItalia""","""Il diritto alla sicurezza √® un diritto fondamentale di ogni cittadino! √à ora di dire basta alla tolleranza zero per la criminalit√† e di ripristinare l'ordine pubblico nelle nostre citt√†. Con Forza Italia, garantiremo pi√π controlli, pi√π polizia per le strade e severe pene per i criminali. Il 25 settembre, vota per la sicurezza, vota Forza Italia!"""
Sinistra Italiana,['AVD'],"['Nicola Fratoianni √® stato tra i pi√π fermi oppositori dell‚Äôaumento delle spese militari che il Parlamento italiano ha votato nel corso dell‚Äôultimo anno.   Ogni euro speso in armi √® un euro sottratto alla scuola e alla sanit√†, due settori su cui questo Paese ha urgente bisogno di investire per formare i cittadini di domani e tutelare la salute di tutti.  D‚Äôaltronde, la pandemia da Covid-19 ha messo in evidenza come i nostri ospedali siano in sofferenza a causa della mancanza di personale e di posti letto.   La scuola non √® da meno: i giovani studenti, insieme ai loro insegnanti, hanno pagato un prezzo altissimo negli ultimi anni. E cos√¨ anche gli studenti universitari.  Queste battaglie devono continuare a trovare una voce all‚Äôinterno del Parlamento italiano.   La voce √® quella di Nicola, candidato alla Camera dei Deputati per l‚ÄôAlleanza Verdi Sinistra nei Collegi plurinominali di Molise-01, Toscana-01, Toscana-02 e Toscana-03. Noi siamo con lui!   Per votarlo, bisogna barrare solo il simbolo.', ""¬´Ero una giovane medio borghese con figli piccoli e tante certezze. Sono state stravolte...¬ª  Il cammino di Ilaria Cucchi per ottenere verit√† e giustizia per suo fratello √® stato anche il cammino di tante e tanti.   Un cammino che non si √® fermato, prosegue tutt'oggi e proseguir√† in Parlamento.   Oggi, grazie alla forza e alla determinazione di Ilaria e della sua famiglia, Stefano Cucchi √® diventato non solo un simbolo di giustizia negata, ma anche di speranza e riscatto di fronte all'ingiustizia per tante e tanti.   E noi, come Ilaria, crediamo dovr√† diventare la voce di chiunque vede negati i propri diritti."", 'Una nuova generazione si approccia alla prima volta... üòÖ  Ma non fatevi spaventare, abbiamo un messaggio per voi!  Perch√© crediamo che la prima volta debba sempre essere per amore, in sicurezza, con emozione, in libert√†, con fiducia. Ma anche per amore di noi stessi.  E voi, ricordate la vostra prima volta?  #AlleanzaVerdiSinistra #Elezioni2022 #LaPrimaVolta #VotaConsapevole #Facciamolo', 'üü¢üî¥ Per Alleanza Verdi e Sinistra, pi√π scuola e universit√† significa pi√π democrazia e pi√π qualit√† del Paese. Ma per milioni di famiglie anche mandare i figli a scuola o all‚Äôuniversit√† √® diventato un lusso. Per questo vogliamo l‚Äôistruzione gratuita, dalla culla all‚Äôuniversit√†.  #AlleanzaVerdiSinistra #IstruzioneGratuita #AsiliNido #Scuola #Universit√† #Facciamolo   üìå Scopri qui il nostro programma üëáüèΩ  https://verdisinistra.it/programma-alleanza-verdi-e-sinistra', 'üü¢üî¥ Per #AlleanzaVerdiSinistra, sotto i 10‚Ç¨ l‚Äôora non √® lavoro, √® sfruttamento. Vogliamo restituire dignit√† a milioni di lavoratori e lavoratrici.  ‚åõ Non c‚Äô√® pi√π tempo da perdere. #Facciamolo!  #AlleanzaVerdiSinistra #SalarioMinimo #Facciamolo  üìå Scopri qui il nostro programma üëáüèº https://verdisinistra.it/programma-alleanza-verdi-e-sinistra', 'üü¢üî¥ Alleanza Verdi e Sinistra √® stata la prima a dire basta al caro bollette. E a chiedere con decisione che le compagnie energetiche restituiscano i soldi sottratti dalle tasche di famiglie e imprese con la speculazione. Si chiama tassazione al 100% degli extraprofitti dei colossi dell‚Äôenergia. √à la cosa giusta da fare e siamo gli unici a proporlo.  ‚åõ Non c‚Äô√® pi√π tempo da perdere. #Facciamolo!  #AlleanzaVerdiSinistra #Bollette #Utiliallitalia #Facciamolo  üìå Scopri qui il nostro programma üëáüèΩ https://verdisinistra.it/programma-alleanza-verdi-e-sinistra', 'üü¢üî¥ Cresciamo!  üó≥Ô∏è #AlleanzaVerdiSinistra sale ogni giorno di pi√π nei sondaggi e riceve sempre pi√π apprezzamenti per le sue proposte elettorali su ambiente, giustizia sociale, diritti e non solo!   üí• Questa √® la strada giusta di un voto che conviene per un Paese pi√π giusto, pi√π verde e pi√π libero, senza disperdere voti e contribuire a fermare questa pericolosa destra. Diamo forza alle nostre idee. Facciamolo!  #AlleanzaVerdiSinistra #Elezioni2022 #Facciamolo', 'üü¢üî¥Come #AlleanzaVerdiSinistra, non abbiamo paura di essere davvero #utiliallitalia raccontando a tutti come abbiamo intenzione di fare innovazione in questo Paese e lottare davvero contro la crisi climatica e la crisi sociale in atto.  üìù Nel nostro programma elettorale, abbiamo proposte serie per affrontare il caro energia!  ‚úîÔ∏è Il prelievo del 100% degli extraprofitti delle compagnie energetiche per ridurre le bollette a famiglie e imprese ‚úîÔ∏è Il tetto al prezzo del gas e dell‚Äôenergia e la fornitura gratuita per le fasce sociali pi√π deboli ‚úîÔ∏è Un Piano su efficienza e risparmio energetico e lo sblocco immediato delle autorizzazioni per 60GW di nuovi impianti di energia rinnovabile  Vuoi sprigionare #NuoveEnergie? Leggi il nostro programma, link in bio e nelle storie üëÜüèº   #SinistraItaliana #EuropaVerde', '‚ÄúTanto non riuscirete a cambiare nulla‚Äù ‚ÄúDove andate con le vostre idee?‚Äù  Abbiamo sentito ripetere queste frasi centinaia di volte. E invece c‚Äô√® una parte di Italia che si √® fatta speranza. Un desiderio forte di #NuoveEnergie cresce nel Paese, stanco dei bla bla bla.  Per questo √® nata #AlleanzaVerdiSinistra. Ogni giorno che passa la nostra Alleanza diventa sempre pi√π forte.  Vale per l‚ÄôItalia oggi e ancora di pi√π per una prospettiva di futuro bei territori, dopo il 25 settembre.  √à la forza delle idee. Ora dobbiamo crederci fino in fondo. Il 25 settembre, #Facciamolo!', ""üü¢üî¥ La nostra Costituzione lo dice chiaramente. L'Italia √® una Repubblica fondata sul lavoro.  Per questo chiunque deve avere diritto ad un lavoro stabile e sicuro, con ferie, diritti e una paga buona e dignitosa, che permetta di vivere appieno la propria vita, sia per s√© che per la propria famiglia.  Da anni la direzione intrapresa √® tutt'altra. Per noi √® giunto il momento di invertire la rotta.   Questa √® l'Italia del Lavoro per #AlleanzaVerdiSinistra. #Facciamolo!  üü¢üî¥ Qui per scoprire le nostre proposte üëáüèº https://verdisinistra.it/programma-alleanza-verdi-e-sinistra/#8""]","""üü¢üî¥ √à tempo di cambiare! üí™ Per #AlleanzaVerdiSinistra, la salute √® un diritto, non un privilegio. Vogliamo un sistema sanitario pubblico e universale, che tuteli tutti, senza distinzione. Basta con le liste d'attesa e le spese esorbitanti! #Facciamolo! üìå Scopri il nostro programma üëáüèΩ https://verdisinistra.it/programma-alleanza-verdi-e-sinistra/""","""üü¢üî¥ L'economia deve servire le persone, non solo i profitti delle grandi aziende! üí∏

Per #AlleanzaVerdiSinistra, √® tempo di cambiare rotta e costruire un'economia pi√π giusta e sostenibile. 

‚úÖ Salario minimo garantito a 10‚Ç¨ l'ora per tutti i lavoratori
‚úÖ Investimenti in green economy e transizione ecologica
‚úÖ Tassazione degli extraprofitti delle grandi aziende per finanziare i servizi pubblici

Un'economia che metta al centro le persone e il pianeta, non solo i profitti. #Facciamolo! üåü

Scopri il nostro programma economico: [link] üëâ""","""La salute √® un diritto, non un privilegio! üü¢üî¥ Per #AlleanzaVerdiSinistra, la sanit√† pubblica deve essere gratuita e di qualit√† per tutti, senza liste d'attesa infinite e senza costi proibitivi. Vogliamo pi√π personale sanitario, pi√π posti letto e pi√π risorse per le nostre strutture ospedaliere. La pandemia ci ha insegnato che la salute √® il nostro bene pi√π prezioso. Non possiamo permettere che sia messa in vendita. #Facciamolo! üìå Scopri il nostro programma per una sanit√† pubblica di qualit√† üëáüèΩ https://verdisinistra.it/programma-alleanza-verdi-e-sinistra/""","""üåé Il futuro del nostro pianeta √® nelle nostre mani! üåü

Non possiamo pi√π permettere che la politica dell'inerzia e dell'indifferenza distrugga il nostro ambiente. √à tempo di agire!

Con #AlleanzaVerdiSinistra, vogliamo:

‚úÖ Investire nel rinnovabile e nella transizione ecologica
‚úÖ Ridurre drasticamente le emissioni di CO2 e i rifiuti
‚úÖ Proteggere le nostre risorse naturali e la biodiversit√†
‚úÖ Promuovere la mobilit√† sostenibile e l'agricoltura biologica

Unire le forze per un futuro pi√π verde e pi√π giusto. Il 25 settembre, #Facciamolo! üåü

Scopri il nostro programma ambientale: [link] üëâ""","""üîí La sicurezza non √® solo una questione di ordine pubblico, ma anche di giustizia sociale. Per #AlleanzaVerdiSinistra, la vera sicurezza si costruisce con pi√π diritti, pi√π opportunit√† e pi√π servizi per tutti. Non con pi√π polizia e pi√π galera. Vogliamo una societ√† che preveniva la criminalit√†, non che la alimenta. #Facciamolo! üü¢üî¥ Scopri il nostro programma üëáüèº https://verdisinistra.it/programma-alleanza-verdi-e-sinistra/"""
